year,week,title,url,guest_or_note
2018,14,Week 14: Frequency Matrix,https://www.workout-wednesday.com/week-14/,"Guest post Ann wrote for Luke Stanke's site, authored by Ann"
2018,17,"Week 17: Step, Jump, or Linear?",https://www.workout-wednesday.com/week-17-step-jump-or-linear/,
2018,20,Week 20: All About Distribution,https://www.workout-wednesday.com/week-20-all-about-distribution/,
2018,24,Week 24: Do customers spend more on their first or second purchase?,https://www.workout-wednesday.com/week-24-do-customers-spend-more-on-their-first-or-second-purchase/,"Uses Tableau Prep"
2018,27,Week 27: How do current year sales compare to previous?,https://www.workout-wednesday.com/week-27-how-do-current-year-sales-compare-to-previous/,
2018,30,Week 30: Statistical Signals in Superstore Sales,https://www.workout-wednesday.com/week-30-statistical-signals-in-superstore-sales/,
2018,34,Week 34: Building an Interactive Display to Visualize Violence in the DRC,https://www.workout-wednesday.com/week-34-building-an-interactive-display-to-visualize-violence-in-the-drc/,
2018,35,Week 35: Superstore Small Multiples,https://www.workout-wednesday.com/week-35-superstore-small-multiples/,"GUEST CHALLENGE - submitted by Neil Richards"
2018,38,Week 38: Discovery Dashboard,https://www.workout-wednesday.com/week-38-discovery-dashboard/,
2018,41,Week 41: Top & Bottom Highlights,https://www.workout-wednesday.com/week-41-top-bottom-highlights/,
2018,44,"Week 44: Ready, Set: Let's Drill Down on Sales!",https://www.workout-wednesday.com/week-44-ready-set-lets-drill-down-on-sales/,
2018,49,Week 49: Where Do Sub-Categories Succeed?,https://www.workout-wednesday.com/week-49-where-do-sub-categories-succeed/,
2018,52,"Week 52: Nobel Laureates, 1901 to Present",https://www.workout-wednesday.com/week-52-nobel-laureates-1901-to-present/,
2019,2,2019 Week 2: Order Sales Spread by Region,https://www.workout-wednesday.com/2019-week-2-order-sales-spread-by-region/,
2019,6,2019: Week 6: Weekly Orders & Sales by Segment,https://www.workout-wednesday.com/2019-week-6-weekly-orders-sales-by-segment/,
2019,10,2019 Week 10: How Has Our Profit Ratio Changed Nationally?,https://www.workout-wednesday.com/2019-week-10-how-has-our-profit-ratio-changed-nationally/,
2019,14,2019 Week 14: Can you build a line chart with dynamic highlight and comparison?,https://www.workout-wednesday.com/2019-week-14-can-you-build-a-line-chart-with-dynamic-highlight-and-comparison/,
2019,18,2019 Week 18: Let's Compare Quarterly Sales Performance,https://www.workout-wednesday.com/2019-week-18-lets-compare-quarterly-sales-performance/,
2019,21,2019 Week 21: Profitability & Sales Dot Plot,https://www.workout-wednesday.com/2019-week-21-profitability-sales-dot-plot/,
2019,26,2019 Week 26: KPI Card,https://www.workout-wednesday.com/2019-week-26-kpi-card/,
2019,30,Week 30: Creating a Navigating KPI Block,https://www.workout-wednesday.com/week-30-creating-a-navigating-kpi-block/,
2019,34,Week 34: Can You Build a Top N Bar Chart on a Single Worksheet?,https://www.workout-wednesday.com/week-34-can-you-build-a-top-n-bar-chart-on-a-single-worksheet/,"GUEST CHALLENGE - Community Contributor Month, submitted by Jeffrey Shaffer"
2019,38,Week 38: Can you build a sales comparison chart with performance indicators?,https://www.workout-wednesday.com/week-38-can-you-build-a-sales-comparison-chart-with-performance-indicators/,
2019,42,Week 42: Can you build a comparative line chart with dynamic inputs?,https://www.workout-wednesday.com/week-42-can-you-build-a-comparative-line-chart-with-dynamic-inputs/,
2019,48,Week 48: Can you build a Bar Chart that automatically combines small contributions?,https://www.workout-wednesday.com/week-48-can-you-build-a-bar-chart-that-automatically-combines-small-contributions/,
2020,2,2020 Week 2: Can you build a beautiful and dynamic bar chart?,https://www.workout-wednesday.com/2020w02/,
2020,6,2020 Week 6: Can you build a MoM Progress Report?,https://www.workout-wednesday.com/2020w06/,
2020,11,2020 Week 11: Can you build smart ranked lists?,https://www.workout-wednesday.com/2020w11/,
2020,15,2020 Week 15: Can you create a chart with a dynamic week start?,https://www.workout-wednesday.com/2020w15/,
2020,19,2020 Week 19: Can you build a dynamic date drilling chart?,https://www.workout-wednesday.com/2020w19/,
2020,24,2020 Week 24: Can you compare a 3-day vs. 14-day moving average and describe the latest trend?,https://www.workout-wednesday.com/2020w24/,"Collaboration with Jami Delagrange, written by Ann"
2020,28,2020 Week 28: Are Sales on Track with Goal?,https://www.workout-wednesday.com/2020w28/,
2020,33,2020 Week 33: Is Profit Ratio Influenced by Quantity?,https://www.workout-wednesday.com/2020w33/,
2020,38,2020 Week 38: Can you Visualize Daily and Weekly Ticket Sales in the Same View?,https://www.workout-wednesday.com/2020w38/,"GUEST CHALLENGE - submitted by Jami Delagrange"
2020,41,Can You Create a Reference Line for Each Dimension?,https://www.workout-wednesday.com/2020w41/,
2020,47,2020 Week 47: Can you create a Clustered Histogram?,https://www.workout-wednesday.com/2020w47/,
2020,48,2020 Week 48: Can you create a Variable Width Bar Chart?,https://www.workout-wednesday.com/2020w48/,"GUEST CHALLENGE - submitted by Jami Delagrange"
2020,49,2020 Week 49: Can you toggle between AND & OR filtering logic?,https://www.workout-wednesday.com/2020w49/,"GUEST CHALLENGE - submitted by Sam Epley"
2020,51,2020 Week 51: Can you build a Divergent Histogram?,https://www.workout-wednesday.com/2020w51/,
2020,53,2020 Week 53: Can you build with containers?,https://www.workout-wednesday.com/2020w53/,"GUEST CHALLENGE - submitted by Brad Werner"
2021,2,2021 Week 2 | Tableau : Can you build a Customer Lifetime Value Matrix?,https://www.workout-wednesday.com/2021w02tab/,
2021,6,2021 Week 6 | Tableau: Can you build a Fancy Text Table?,https://www.workout-wednesday.com/2021w06tab/,
2021,10,2021 Week 10 | Tableau: Can you build a must include filter?,https://www.workout-wednesday.com/2021w10tab/,
2021,15,2021 Week 15 | Tableau: Website Analytics,https://www.workout-wednesday.com/2021w15tab/,
2021,19,2021 Week 19 | Tableau: Regional Sales Readout,https://www.workout-wednesday.com/2021w19tab/,
2021,23,2021 Week 23 | Tableau: Sales Goal Selection Tool,https://www.workout-wednesday.com/2021w23tab/,
2021,28,2021 Week 28 | Tableau: Can you build an app to visualize wildfires?,https://www.workout-wednesday.com/2021w28tab/,"GUEST CHALLENGE - Josh Jackson (Ann's husband) borrowed her week"
2021,32,2021 Week 32 | Tableau: Visualize our Survey Data,https://www.workout-wednesday.com/2021w32tab/,
2021,41,2021 Week 41 | Tableau: How Much Do Top Sub-Categories Contribute to Sales?,https://www.workout-wednesday.com/2021w41tab/,
2021,45,2021 Week 45 | Tableau: Customer Purchasing Habits (RFM Analysis),https://www.workout-wednesday.com/2021w45tab/,
2021,49,2021 Week 49 | Tableau: Frequency Matrix Redux,https://www.workout-wednesday.com/2021w49tab/,"Ann's last week as full-time WOW coach"
2022,43,#WOW2022 | Week 43 | Selected Subcategory Influence,https://www.workout-wednesday.com/2022w43tab/,
